Card_ID,Customer_ID,Account_ID,Branch,Card_Number,Card_Type,Card_Network,Credit_Limit,Current_Balance,Issued_Date,Expiry_Date,Status
1,1559,2090,Perez Ltd Branch,4960013389083863,Business,Visa,178393,39819.23,2015-04-13,2019-10-27,Expired
2,1160,2221,Miller Inc Branch,6511615594078161,Platinum,RuPay,416026,175818.58,2015-01-27,2018-12-18,Expired
3,1297,2082,"Miles, Patterson and Murray Branch",6316475255341928,Gold,RuPay,419398,29171.29,2021-06-22,2025-07-19,Active
4,1333,2058,"Shepard, Gonzales and Cooper Branch",3305641395376724,Gold,Amex,385544,265316.71,2019-04-04,2023-10-07,Active
5,1371,2225,Wilson PLC Branch,6287101226916697,Platinum,RuPay,274622,246561.92,2023-05-18,2029-08-26,Expired
6,1349,2115,Newman-Peterson Branch,4462704828148932,Platinum,Visa,407412,360473.43,2022-08-18,2026-04-08,Active
7,1315,2246,"King, Thompson and Roberts Branch",4039117182278248,Business,Visa,306170,5963.19,2021-09-19,2026-07-13,Active
8,1449,2530,Brown LLC Branch,5713315098393010,Gold,MasterCard,259186,257928.78,2022-12-30,2027-09-28,Active
9,1220,2553,"Coffey, Curtis and Garrison Branch",4299737631165667,Silver,Visa,319565,76057.95,2018-09-15,2022-02-06,Expired
10,1255,2197,Wright PLC Branch,4387262473178108,Silver,Visa,431793,146508.49,2015-09-06,2020-12-07,Active
11,1061,2169,"Acosta, Murphy and Rojas Branch",5606474687234309,Silver,MasterCard,304615,146628.99,2016-11-12,2022-02-21,Expired
12,1059,2521,Mclaughlin-Gomez Branch,6121913619399091,Business,RuPay,356277,169868.78,2015-08-23,2018-12-02,Expired
13,1272,2406,"Bell, Parker and Owen Branch",6247510799118384,Gold,RuPay,401129,287285.3,2017-12-04,2022-01-25,Blocked
14,1542,2009,"Crane, Cox and Miller Branch",4841241182449353,Platinum,Visa,199415,31457.08,2017-09-27,2022-10-22,Expired
15,1046,2004,"Wheeler, Henderson and Weeks Branch",3524278680112805,Gold,Amex,98390,62407.25,2017-10-25,2021-02-05,Blocked
16,1367,2216,Olsen and Sons Branch,5315869232260256,Gold,MasterCard,241182,216818.15,2015-06-21,2020-03-12,Blocked
17,1482,2228,Flores and Sons Branch,5375433036541458,Business,MasterCard,106673,40806.87,2023-10-31,2030-10-05,Expired
18,1040,2112,Alvarez-Hampton Branch,6965569816934060,Gold,RuPay,186951,33383.43,2015-04-24,2018-12-15,Blocked
19,1308,2520,"Stafford, Oneal and Williams Branch",3465648236629946,Silver,Amex,223119,139037.81,2015-10-14,2022-07-04,Blocked
20,1477,2453,Byrd Ltd Branch,6738721489513433,Gold,RuPay,461963,267931.51,2017-05-10,2022-10-06,Active
21,1467,2425,Hopkins-Johnston Branch,4936763201632870,Gold,Visa,370483,314813.37,2017-09-29,2023-05-29,Active
22,1454,2517,Gray Ltd Branch,3687277434873471,Platinum,Amex,400002,212453.82,2016-06-30,2022-02-05,Active
23,1237,2393,Russell-Richard Branch,6231665876036690,Business,RuPay,333195,26848.07,2018-10-07,2023-07-22,Blocked
24,1552,2560,Maldonado Ltd Branch,4937346706562729,Silver,Visa,445037,173558.49,2018-12-11,2023-08-13,Blocked
25,1187,2052,"Nelson, Hardy and Fox Branch",4465375564641708,Silver,Visa,274716,37278.82,2015-12-10,2022-07-17,Blocked
26,1032,2254,Garcia Group Branch,5309232719374529,Silver,MasterCard,459591,439959.85,2022-04-16,2025-09-02,Active
27,1407,2204,Rosales-Anderson Branch,6193149190586518,Platinum,RuPay,63462,58949.04,2016-03-18,2022-06-15,Active
28,1157,2446,"Beck, Howe and Perry Branch",3284987769453147,Gold,Amex,277291,266417.75,2020-06-30,2024-02-01,Blocked
29,1500,2218,Morgan Inc Branch,3545494808313678,Gold,Amex,309158,263078.88,2018-10-09,2021-12-05,Expired
30,1096,2302,"Reyes, Campbell and Walton Branch",3363495788568557,Platinum,Amex,307331,137737.93,2022-03-30,2029-03-25,Blocked
31,1549,2190,"Ross, Hayes and Erickson Branch",6337498941343524,Silver,RuPay,428160,82456.89,2017-08-02,2021-04-05,Expired
32,1503,2106,"Harris, Robles and Rogers Branch",5094777520471167,Silver,MasterCard,78587,43486.82,2018-01-28,2021-04-30,Expired
33,1088,2255,Rogers Group Branch,4186999386774964,Silver,Visa,475272,267501.9,2016-09-13,2020-07-14,Expired
34,1161,2246,Johnson Group Branch,4281206797403447,Silver,Visa,377950,79756.97,2023-07-22,2027-09-19,Expired
35,1436,2118,"Williams, Mcfarland and Alvarez Branch",5832421024994717,Platinum,MasterCard,359219,237509.51,2017-12-19,2024-06-20,Expired
36,1041,2443,Weaver-Brown Branch,3594013990490278,Business,Amex,333105,164485.66,2018-01-20,2023-11-09,Blocked
37,1482,2357,"Andrade, Gomez and Bishop Branch",5655125674680715,Platinum,MasterCard,382810,311701.11,2021-07-25,2027-01-02,Blocked
38,1556,2474,Crawford-Torres Branch,4603859770348247,Business,Visa,319796,263808.42,2023-08-31,2028-12-04,Active
39,1319,2565,"Woods, Patterson and Owens Branch",4086131712748467,Business,Visa,469070,112247.26,2022-01-24,2028-06-22,Active
40,1072,2283,"Lam, Jones and Ortega Branch",3658404499727875,Platinum,Amex,251109,47863.98,2021-03-07,2024-12-27,Expired
41,1586,2393,"Bell, Parker and Owen Branch",3360576627028951,Business,Amex,148908,146045.19,2020-02-09,2024-11-28,Active
42,1077,2481,"Medina, Reeves and Booker Branch",3459615865780913,Platinum,Amex,264946,230750.21,2015-03-04,2018-12-23,Active
43,1455,2171,Warner-Shelton Branch,4400504556238692,Gold,Visa,448652,284332.23,2019-11-13,2023-06-01,Active
44,1598,2147,Johnson-Wright Branch,4374740748217594,Business,Visa,374906,256111.25,2021-11-01,2026-12-23,Expired
45,1110,2243,"Lopez, Santana and Johnson Branch",6695944064090974,Gold,RuPay,154447,154350.25,2020-02-15,2024-10-24,Expired
46,1100,2041,Pearson-Roberts Branch,6470952145623285,Platinum,RuPay,149683,92936.85,2017-06-16,2024-01-09,Active
47,1480,2078,"Schroeder, Lane and Arnold Branch",6236851604817549,Business,RuPay,441412,384203.66,2020-05-27,2025-01-20,Expired
48,1227,2065,Nguyen Inc Branch,6746120047113826,Business,RuPay,172590,81372.19,2016-03-19,2022-12-30,Blocked
49,1418,2287,Peters PLC Branch,3053773515850643,Silver,Amex,267518,175203.4,2021-08-02,2025-06-13,Blocked
50,1052,2342,"Jordan, Stokes and Mayer Branch",4329318393352904,Gold,Visa,386437,247123.72,2022-06-07,2026-08-14,Active
51,1135,2016,Wood-Bell Branch,6539502402681177,Platinum,RuPay,107633,71151.62,2023-12-15,2027-12-06,Expired
52,1534,2309,Morales Group Branch,4700766177115921,Gold,Visa,166155,157085.54,2020-01-26,2025-11-21,Blocked
53,1441,2102,Harris-Marshall Branch,6183673657661565,Platinum,RuPay,328164,96774.82,2019-04-10,2025-08-14,Blocked
54,1096,2443,Zimmerman PLC Branch,5152809885165604,Platinum,MasterCard,85197,7772.08,2022-09-14,2028-05-11,Blocked
55,1230,2111,Salazar Group Branch,4585149368998094,Silver,Visa,161536,24994.49,2021-06-25,2027-04-29,Active
56,1147,2580,Cunningham Inc Branch,6612018366752545,Silver,RuPay,228165,80091.26,2022-11-18,2027-08-11,Active
57,1454,2435,"Sloan, Williams and Adkins Branch",5797643815614978,Platinum,MasterCard,76089,51281.61,2016-10-06,2023-03-24,Active
58,1217,2141,"Steele, Marsh and Richardson Branch",5445107622683885,Silver,MasterCard,78721,605.14,2019-06-07,2025-10-15,Blocked
59,1590,2440,"Smith, Stewart and Howell Branch",4966416052975161,Gold,Visa,291043,268097.88,2019-11-22,2022-12-29,Blocked
60,1227,2342,Shepard Ltd Branch,3218188355231243,Gold,Amex,257495,224155.68,2020-11-16,2024-04-25,Expired
61,1476,2578,Nelson Ltd Branch,5979955271774490,Platinum,MasterCard,89506,15855.64,2023-07-11,2030-03-13,Expired
62,1294,2079,Richardson-Griffith Branch,4199867980793597,Gold,Visa,286933,10790.76,2018-06-25,2024-01-25,Active
63,1041,2254,Clark-Williams Branch,3778892554665905,Silver,Amex,424507,35798.31,2016-02-28,2021-01-30,Blocked
64,1342,2084,"Gillespie, Powers and Smith Branch",4925462914865281,Business,Visa,252670,71795.42,2021-04-04,2028-01-22,Expired
65,1350,2498,Santiago and Sons Branch,6332214188805929,Business,RuPay,211934,38203.84,2015-03-16,2020-03-26,Active
66,1449,2045,"Mathews, Rodriguez and Lambert Branch",5653794738347359,Business,MasterCard,454277,283805.23,2017-01-10,2023-11-28,Blocked
67,1205,2142,Johnson Group Branch,6407581814124782,Business,RuPay,313667,165446.73,2023-09-23,2028-11-12,Active
68,1515,2383,Delgado Ltd Branch,5361530515220472,Business,MasterCard,63982,26545.93,2020-01-22,2025-01-05,Blocked
69,1562,2541,"Gillespie, Powers and Smith Branch",4614341036971179,Silver,Visa,184177,39718.64,2015-11-21,2018-12-28,Expired
70,1247,2585,"Higgins, Michael and Harris Branch",5621851888880670,Business,MasterCard,202710,87011.02,2023-01-22,2026-11-11,Blocked
71,1247,2107,Rogers-King Branch,6952058527722170,Platinum,RuPay,237220,187052.72,2023-05-20,2026-06-21,Active
72,1528,2408,Anderson-Dunn Branch,4874034505415667,Business,Visa,71970,22713.43,2023-11-15,2027-12-27,Blocked
73,1085,2435,Newman-Peterson Branch,5169284511544796,Gold,MasterCard,310845,114187.96,2020-07-25,2027-06-11,Expired
74,1446,2282,"Higgins, Michael and Harris Branch",3016582029702135,Platinum,Amex,72206,52480.36,2018-12-10,2024-06-11,Blocked
75,1381,2455,Sullivan and Sons Branch,4192856543102786,Silver,Visa,406024,182679.36,2021-10-14,2025-08-23,Blocked
76,1503,2205,Hess-Miller Branch,6121727155188442,Gold,RuPay,162496,161905.35,2022-11-23,2028-05-23,Blocked
77,1027,2370,Nelson Ltd Branch,5895782911467866,Silver,MasterCard,465270,64615.24,2016-05-12,2020-06-26,Active
78,1132,2565,Stevens-Braun Branch,6922680182422535,Platinum,RuPay,285916,133189.17,2022-03-16,2025-08-13,Active
79,1547,2096,"Miller, Brown and Hoffman Branch",6829922995900109,Platinum,RuPay,338799,92983.74,2017-03-15,2023-10-05,Expired
80,1510,2559,"Holmes, Nguyen and French Branch",5447364710276773,Platinum,MasterCard,268411,165907.1,2023-08-08,2029-10-21,Expired
81,1409,2134,Rogers-King Branch,5588153714732104,Business,MasterCard,434932,429722.98,2018-07-04,2023-04-17,Expired
82,1195,2164,"Smith, Stewart and Howell Branch",3787747016873395,Silver,Amex,476496,156021.86,2017-10-13,2021-09-04,Active
83,1293,2550,Robinson-Stokes Branch,6016245650609835,Platinum,RuPay,491895,321827.24,2020-07-20,2026-11-24,Active
84,1132,2100,Burgess-Mcdonald Branch,3655852398680002,Platinum,Amex,450767,247857.43,2020-08-27,2026-03-06,Blocked
85,1167,2403,Hartman-Vargas Branch,3949588879470551,Business,Amex,320273,44768.08,2016-09-02,2023-01-25,Expired
86,1272,2593,Johnson and Sons Branch,6930972896230913,Silver,RuPay,379913,10123.6,2023-12-08,2030-10-16,Blocked
87,1514,2483,"Long, Chavez and Whitehead Branch",6028385786527858,Platinum,RuPay,266510,184025.22,2019-09-12,2023-07-18,Expired
88,1572,2306,Moore-Schaefer Branch,6344375758441986,Business,RuPay,150801,144367.44,2021-11-03,2027-07-21,Blocked
89,1355,2453,"Nguyen, Skinner and Le Branch",5473384842199330,Gold,MasterCard,200801,191827.95,2018-04-04,2021-06-28,Expired
90,1103,2141,Curtis-Diaz Branch,5082677345401938,Silver,MasterCard,266688,88085.35,2015-08-04,2019-02-24,Active
91,1191,2297,"Ortiz, Peck and Meza Branch",3004991547887287,Platinum,Amex,488411,193896.52,2016-12-21,2020-03-04,Active
92,1191,2015,Horton-Jimenez Branch,4549329668516122,Business,Visa,433317,198855.44,2018-09-16,2022-08-13,Blocked
93,1338,2310,Newman-Peterson Branch,5990453017426841,Platinum,MasterCard,251103,59140.09,2015-01-28,2019-07-15,Blocked
94,1426,2563,Brown LLC Branch,5783391878519108,Gold,MasterCard,300705,46063.67,2017-06-16,2021-03-15,Expired
95,1211,2598,Coleman-Riggs Branch,5718707286790874,Silver,MasterCard,497996,259128.01,2016-11-04,2021-09-05,Blocked
96,1353,2066,Smith Group Branch,6801704622656766,Silver,RuPay,353201,25794.1,2015-01-13,2019-04-03,Expired
97,1542,2131,Atkins-Gay Branch,5300478686337524,Gold,MasterCard,112197,20024.21,2022-04-30,2027-04-11,Expired
98,1247,2212,Wolf-Harmon Branch,4119079030673830,Gold,Visa,269802,165907.51,2015-05-12,2022-01-22,Expired
99,1243,2310,Williams-Thomas Branch,6283644089268705,Business,RuPay,217197,125425.8,2017-08-17,2023-11-08,Expired
100,1189,2551,Davis-Long Branch,6733427086688263,Platinum,RuPay,264045,39400.16,2022-10-23,2028-02-21,Active
101,1549,2196,Pena-Anderson Branch,6046990139837354,Silver,RuPay,285817,242125.12,2022-04-02,2025-09-09,Active
102,1249,2210,Vaughn Ltd Branch,5638546785445877,Silver,MasterCard,441579,441390.01,2023-04-26,2026-12-21,Expired
103,1047,2577,Smith-Jacobson Branch,3320489964235369,Gold,Amex,156497,58014.21,2023-07-17,2028-05-01,Blocked
104,1472,2173,Bright Group Branch,6522872808010062,Gold,RuPay,429352,275512.8,2017-11-20,2023-08-16,Active
105,1495,2500,Andrews-Marquez Branch,5008860084840862,Silver,MasterCard,315149,143710.99,2015-02-07,2019-04-29,Active
106,1274,2407,Tapia-Flynn Branch,5156793341016668,Business,MasterCard,374943,197390.99,2017-09-14,2021-10-11,Active
107,1340,2580,Rodriguez LLC Branch,4180339740148902,Platinum,Visa,93351,46662.28,2022-11-18,2026-11-02,Active
108,1079,2307,"Owens, Hanson and Vincent Branch",5293968562185016,Gold,MasterCard,444397,364712.5,2021-08-01,2025-05-22,Active
109,1031,2280,"Powell, Jones and Hamilton Branch",6773586629619431,Silver,RuPay,362270,143713.61,2021-10-14,2028-03-23,Blocked
110,1325,2370,Smith Ltd Branch,5110475412126788,Business,MasterCard,460984,292218.16,2019-04-06,2026-04-01,Active
111,1395,2013,"Solis, Simpson and Martin Branch",4466183982622444,Business,Visa,340570,31694.9,2016-01-03,2020-12-26,Active
112,1079,2370,"Walton, Hodges and Galloway Branch",4437993712406596,Platinum,Visa,194683,81981.47,2016-11-15,2022-04-23,Blocked
113,1206,2491,Williams-Thomas Branch,6526547935646519,Gold,RuPay,361633,49227.1,2019-10-30,2026-06-23,Expired
114,1215,2449,"Nelson, Hardy and Fox Branch",5416724342661797,Business,MasterCard,64111,61098.08,2022-08-24,2028-09-22,Expired
115,1112,2255,Zimmerman PLC Branch,3529096561014388,Gold,Amex,464565,449897.77,2021-02-04,2024-04-19,Blocked
116,1155,2354,Frazier and Sons Branch,6071461125457387,Platinum,RuPay,454929,309149.5,2019-05-22,2024-12-24,Blocked
117,1046,2118,Clark-Smith Branch,4051238282586736,Gold,Visa,287212,91594.63,2019-11-30,2026-10-25,Active
118,1461,2440,"Williams, Mcfarland and Alvarez Branch",3603341918255371,Platinum,Amex,436603,268120.93,2019-06-09,2022-08-06,Expired
119,1117,2357,"Morrison, Morrison and Camacho Branch",3579249912513412,Platinum,Amex,214314,127939.21,2020-12-01,2027-07-01,Expired
120,1434,2191,Russell LLC Branch,5782827422579050,Business,MasterCard,269277,160603.75,2020-09-23,2025-11-26,Active
121,1504,2426,Carroll-Robinson Branch,5772190340438427,Business,MasterCard,314995,205713.71,2019-04-22,2025-06-14,Expired
122,1556,2043,Burke-Barr Branch,4783613407451713,Gold,Visa,190450,147620.28,2021-06-03,2025-01-21,Expired
123,1212,2212,Chen Ltd Branch,6095849825449481,Gold,RuPay,381754,163454.49,2022-12-21,2029-05-22,Blocked
124,1256,2150,"Flores, French and Freeman Branch",4536729466711684,Platinum,Visa,116525,81733.73,2018-02-09,2024-10-13,Blocked
125,1470,2367,Mason Group Branch,3186363745458929,Business,Amex,51296,44571.49,2018-09-02,2024-12-05,Blocked
126,1017,2128,"Beck, Howe and Perry Branch",4277063242415415,Gold,Visa,378298,296543.93,2015-07-08,2019-01-26,Active
127,1440,2094,Velez LLC Branch,3103712938700516,Gold,Amex,430626,301197.64,2022-01-06,2026-09-22,Blocked
128,1106,2321,Perez Ltd Branch,4542622189092753,Gold,Visa,96835,70763.47,2017-07-26,2022-09-17,Blocked
129,1394,2360,Black-Schmidt Branch,3652341389994043,Gold,Amex,102672,14375.43,2017-06-08,2020-12-01,Expired
130,1507,2396,Weaver-Clarke Branch,3137918055269658,Gold,Amex,78609,61613.86,2018-04-25,2024-12-07,Blocked
131,1041,2062,Gibson LLC Branch,4684866618892414,Silver,Visa,85406,1178.04,2015-03-10,2021-06-23,Expired
132,1318,2448,Rose-Macias Branch,5303161799042102,Silver,MasterCard,221311,86473.18,2016-09-28,2022-09-30,Active
133,1171,2381,Phillips PLC Branch,3241056481491778,Platinum,Amex,321173,251474.32,2018-11-21,2024-10-26,Active
134,1588,2119,"Smith, Arellano and Conrad Branch",3380003075622086,Gold,Amex,242774,38190.77,2021-05-10,2025-04-15,Blocked
135,1123,2515,Hurley-Reynolds Branch,5023806174451870,Platinum,MasterCard,192217,158770.66,2019-09-01,2024-06-16,Active
136,1378,2506,Parsons-Tucker Branch,6383206038505064,Silver,RuPay,437750,272594.6,2021-04-28,2026-01-09,Active
137,1287,2096,Garza-Norris Branch,5038657191826199,Silver,MasterCard,81402,79168.27,2019-09-16,2025-06-18,Blocked
138,1335,2326,Atkins-Gay Branch,5743132912127756,Silver,MasterCard,186834,158979.61,2017-08-27,2022-04-15,Expired
139,1123,2093,Alvarez-Hampton Branch,6249035213568044,Gold,RuPay,286934,88463.97,2023-08-22,2027-10-20,Active
140,1474,2105,"Potts, Gutierrez and Hancock Branch",3210032365199410,Silver,Amex,442208,243267.86,2020-01-27,2026-03-09,Active
141,1126,2044,Martin LLC Branch,3702966706625324,Platinum,Amex,494216,409881.09,2016-06-11,2019-12-16,Blocked
142,1511,2422,Bright Inc Branch,5870146263838065,Business,MasterCard,374626,231135.69,2015-05-22,2021-10-29,Expired
143,1185,2027,Cook PLC Branch,3593040785932133,Platinum,Amex,313398,100790.18,2018-11-10,2025-01-10,Expired
144,1364,2178,"Wong, Turner and Gordon Branch",4239559059929378,Platinum,Visa,351828,297824.19,2023-07-27,2027-10-18,Active
145,1021,2540,"Shepard, Gonzales and Cooper Branch",3705932525002921,Platinum,Amex,79448,18481.46,2015-06-05,2018-12-05,Active
146,1310,2331,"Butler, Sullivan and Torres Branch",6226752895392644,Gold,RuPay,257406,150844.21,2022-11-25,2029-08-11,Active
147,1187,2326,Lynch Ltd Branch,4939172513552157,Silver,Visa,255311,217207.61,2022-11-15,2029-01-30,Blocked
148,1002,2050,Hebert Group Branch,5676267658617932,Business,MasterCard,85543,29981.21,2017-10-19,2024-09-06,Active
149,1076,2351,Wheeler-Yates Branch,4262181599706296,Gold,Visa,217099,56690.56,2018-04-22,2021-06-01,Active
150,1289,2305,Alvarez-Hampton Branch,4310698720506149,Business,Visa,149606,61230.72,2018-09-18,2022-11-11,Active
151,1485,2119,Johnson Group Branch,4467741862565270,Platinum,Visa,139565,89069.08,2015-04-16,2019-06-12,Blocked
152,1155,2100,Patel-Villegas Branch,3158693806868793,Business,Amex,488870,131291.9,2017-12-14,2022-03-21,Blocked
153,1124,2460,Navarro-Moore Branch,4223320616329451,Silver,Visa,313245,178931.79,2019-06-06,2022-08-15,Blocked
154,1013,2536,James-Collier Branch,3616229991191485,Business,Amex,499117,137856.52,2021-03-11,2026-01-06,Blocked
155,1177,2283,Thomas LLC Branch,3629960653074505,Platinum,Amex,349904,213078.29,2022-05-06,2028-01-24,Blocked
156,1138,2308,"Miles, Patterson and Murray Branch",6754691373678508,Gold,RuPay,409059,40176.71,2020-07-06,2027-05-31,Active
157,1178,2198,Mitchell-Simmons Branch,6303070534578610,Gold,RuPay,261489,35470.94,2022-12-16,2028-10-17,Blocked
158,1565,2359,Johnson and Sons Branch,3524140602933334,Business,Amex,143104,137454.31,2021-08-30,2027-02-28,Expired
159,1178,2009,"Flores, French and Freeman Branch",4349446657437489,Business,Visa,54665,25916.52,2023-10-02,2030-07-29,Expired
160,1575,2290,"Jones, Page and Kennedy Branch",4417154544432830,Business,Visa,397265,383950.84,2015-01-31,2020-12-12,Expired
161,1303,2266,Johnson-Wright Branch,6666099353875842,Gold,RuPay,428160,10898.93,2022-08-20,2026-06-01,Blocked
162,1344,2092,"Morgan, Walker and Brown Branch",4353465549471709,Silver,Visa,438454,113406.94,2020-04-12,2023-12-30,Blocked
163,1424,2056,Johnson Ltd Branch,5223569725217525,Silver,MasterCard,406881,155293.95,2020-08-11,2024-04-12,Active
164,1502,2091,"Woods, Patterson and Owens Branch",3296666760083505,Gold,Amex,449084,347385.46,2018-01-25,2022-03-28,Active
165,1320,2133,Stevens-Braun Branch,4168942104478985,Business,Visa,168628,116947.69,2022-01-10,2026-06-02,Expired
166,1414,2020,Choi PLC Branch,5332309821506489,Silver,MasterCard,238350,178790.05,2018-11-04,2024-08-02,Expired
167,1119,2427,Simmons-Gardner Branch,4761847230461849,Gold,Visa,392657,328308.37,2022-06-04,2026-01-10,Blocked
168,1510,2204,"Sanchez, Cooper and Suarez Branch",4934835642087375,Gold,Visa,111726,31585.7,2020-09-26,2027-03-14,Active
169,1153,2093,Nelson Ltd Branch,4811437447012045,Platinum,Visa,107897,90119.04,2022-07-14,2026-01-11,Blocked
170,1337,2367,Gordon LLC Branch,4794155216674676,Gold,Visa,55071,46920.42,2016-01-25,2019-04-27,Active
171,1495,2583,Merritt PLC Branch,5729659027716701,Platinum,MasterCard,492682,78531.24,2022-10-22,2026-02-18,Expired
172,1347,2532,"Powell, Palmer and Martin Branch",6891637562890028,Business,RuPay,405429,212776.4,2015-02-20,2022-01-31,Blocked
173,1052,2520,Miller Inc Branch,5386631779717751,Business,MasterCard,218104,52539.47,2015-11-03,2021-08-04,Expired
174,1094,2312,"Wang, Mcdonald and Church Branch",4883755037589975,Business,Visa,266184,9537.89,2016-02-25,2021-05-30,Active
175,1299,2561,Watson Group Branch,4851027261493316,Gold,Visa,166259,365.26,2023-07-08,2030-03-17,Blocked
176,1127,2462,Pena-Walker Branch,5798270808697829,Gold,MasterCard,106500,80636.4,2023-01-14,2027-12-06,Expired
177,1517,2394,Byrd Ltd Branch,5693465472269848,Platinum,MasterCard,394730,237053.53,2016-02-29,2021-05-01,Expired
178,1136,2183,Rogers-King Branch,5885158799684608,Silver,MasterCard,377243,269496.57,2017-04-02,2021-06-04,Active
179,1165,2294,Newman-Peterson Branch,3420438057198386,Gold,Amex,401406,22721.5,2016-08-18,2019-12-04,Expired
180,1427,2321,Thomas PLC Branch,6800439735989334,Business,RuPay,74630,69143.56,2022-10-09,2029-06-29,Active
181,1042,2439,Massey-Reed Branch,4484229405720259,Silver,Visa,435393,223725.32,2017-02-04,2021-01-24,Expired
182,1539,2226,Shepherd-Rodriguez Branch,6281826886153355,Platinum,RuPay,338442,121191.2,2020-07-02,2026-09-16,Blocked
183,1118,2355,"Williams, Johnson and Williams Branch",5739930561648408,Platinum,MasterCard,328134,155816.79,2023-06-10,2029-11-26,Expired
184,1329,2527,"Marquez, Reese and Dawson Branch",3112880133613861,Gold,Amex,205416,184521.41,2020-06-16,2023-09-13,Active
185,1183,2258,Barton PLC Branch,3819346676650618,Silver,Amex,69863,6114.47,2023-01-15,2027-11-24,Expired
186,1367,2515,Hopkins-Johnston Branch,4144914766072832,Business,Visa,73863,51769.25,2023-06-24,2029-10-04,Expired
187,1012,2567,Brown LLC Branch,6821009968814353,Business,RuPay,206267,139702.38,2022-02-10,2025-12-01,Expired
188,1199,2118,Williamson-Hubbard Branch,5290878141413975,Platinum,MasterCard,165756,102252.38,2016-10-21,2020-10-31,Active
189,1326,2498,"Liu, Medina and Garza Branch",5759492995562053,Gold,MasterCard,374804,26164.65,2016-02-14,2020-09-18,Expired
190,1492,2474,Martin LLC Branch,3754781291428341,Silver,Amex,120414,81830.97,2018-02-07,2023-02-12,Active
191,1038,2565,"Lee, Escobar and Torres Branch",4488725639427881,Business,Visa,262407,201843.53,2021-07-11,2027-10-08,Blocked
192,1527,2144,"Mathews, Rodriguez and Lambert Branch",4722992750373145,Gold,Visa,494586,476781.04,2022-06-07,2026-10-08,Active
193,1048,2041,Clark Inc Branch,5518449892665918,Platinum,MasterCard,253472,119049.27,2020-10-22,2025-10-30,Blocked
194,1499,2494,Rogers-King Branch,5908272318432225,Silver,MasterCard,235020,192066.98,2020-10-16,2026-01-24,Expired
195,1491,2216,Vaughn Ltd Branch,5926030299228092,Silver,MasterCard,427621,48466.01,2019-08-26,2024-07-01,Active
196,1291,2088,Ramirez-Kennedy Branch,6379772369292984,Gold,RuPay,262575,157376.3,2017-01-07,2022-11-30,Expired
197,1395,2136,"Parrish, Hall and Adams Branch",6103886291279908,Silver,RuPay,359642,24758.8,2020-02-01,2026-06-05,Active
198,1442,2535,Crawford-Torres Branch,3650863765991624,Business,Amex,366394,197591.15,2022-05-24,2026-02-13,Active
199,1006,2008,Smith and Sons Branch,4981806356512694,Platinum,Visa,335071,136925.66,2018-03-06,2024-07-12,Expired
200,1209,2424,Evans-Baker Branch,3887258874495621,Gold,Amex,370801,102178.12,2021-05-01,2026-05-18,Blocked
201,1564,2054,Nguyen LLC Branch,5260127961143519,Silver,MasterCard,316518,126784.74,2016-02-15,2020-04-28,Expired
202,1180,2507,Franklin and Sons Branch,3703843098839205,Gold,Amex,394024,205288.69,2019-06-30,2025-12-07,Expired
203,1405,2416,"Higgins, Michael and Harris Branch",4938011848955439,Gold,Visa,194670,151778.92,2016-10-06,2020-03-31,Blocked
204,1110,2573,"Meadows, Taylor and Butler Branch",3184518489476973,Platinum,Amex,186895,32713.13,2021-06-12,2024-06-20,Blocked
205,1392,2226,Lewis-Travis Branch,3356588043416518,Gold,Amex,302691,35193.37,2021-07-31,2024-09-24,Blocked
206,1511,2205,Davis-Hancock Branch,6334333395211179,Silver,RuPay,350790,94389.09,2018-12-19,2023-03-10,Expired
207,1503,2188,Myers-Hall Branch,4846392086780856,Gold,Visa,375408,118410.03,2020-05-29,2025-06-27,Blocked
208,1013,2216,Solomon Ltd Branch,4691559428434795,Platinum,Visa,291209,91920.49,2022-10-31,2028-09-25,Active
209,1374,2411,Hurley-Reynolds Branch,3472929314386632,Gold,Amex,269725,188999.71,2019-10-03,2023-12-07,Blocked
210,1499,2308,"Edwards, Dunlap and Fernandez Branch",4489061203471754,Platinum,Visa,311933,41946.16,2016-12-24,2022-05-05,Blocked
211,1591,2590,Perez Group Branch,6824558771694722,Platinum,RuPay,265881,32234.74,2018-11-10,2021-12-19,Blocked
212,1325,2299,Ramsey-Carr Branch,3496475987622023,Platinum,Amex,134934,46366.76,2015-10-20,2019-03-30,Expired
213,1485,2562,Stewart-Jones Branch,4006811492164334,Business,Visa,258166,26593.5,2017-05-12,2021-04-17,Expired
214,1366,2334,"Baker, Phillips and Cameron Branch",5778487282997968,Platinum,MasterCard,489624,83533.76,2016-06-21,2022-06-03,Blocked
215,1375,2423,"Warren, Tanner and Combs Branch",3424008254780774,Silver,Amex,471898,42260.36,2021-01-19,2025-04-28,Blocked
216,1194,2422,Brown LLC Branch,6866326634163894,Platinum,RuPay,467735,3376.1,2021-09-11,2025-12-27,Expired
217,1297,2114,"Lam, Jones and Ortega Branch",6797497350208021,Platinum,RuPay,497470,34058.76,2019-08-19,2023-09-07,Blocked
218,1155,2016,Evans-Clark Branch,5735647570512046,Silver,MasterCard,431213,3537.71,2023-01-08,2028-06-22,Expired
219,1013,2125,Herrera LLC Branch,3367303718376452,Silver,Amex,491208,122841.03,2017-01-13,2021-02-09,Expired
220,1054,2224,"Roberts, Murphy and Lewis Branch",4136502491630097,Gold,Visa,384768,114973.71,2017-11-03,2023-07-15,Blocked
221,1062,2062,Nguyen LLC Branch,4528127358573065,Gold,Visa,312101,28526.52,2017-10-15,2021-09-01,Blocked
222,1195,2581,Peters PLC Branch,4285574982182744,Platinum,Visa,279376,156178.11,2020-06-10,2027-05-27,Blocked
223,1020,2373,Sutton-Huang Branch,4935186387829456,Platinum,Visa,315267,119499.93,2023-09-14,2030-04-11,Active
224,1183,2033,Chen-Ramos Branch,4317310967899405,Gold,Visa,84959,3719.27,2020-11-13,2027-07-24,Expired
225,1480,2063,Morris PLC Branch,4586509480141381,Silver,Visa,393801,193515.98,2015-02-23,2019-04-25,Expired
226,1584,2184,Martin-Hardy Branch,5886195761228685,Gold,MasterCard,149331,28838.72,2020-12-17,2026-02-13,Expired
227,1381,2423,"Solis, Simpson and Martin Branch",3659398368457760,Silver,Amex,338401,335512.07,2018-12-14,2023-09-19,Blocked
228,1220,2323,Elliott-Dennis Branch,4048889921075224,Platinum,Visa,208251,1367.97,2020-10-21,2024-07-23,Expired
229,1583,2223,Gonzales-Klein Branch,5157279194096105,Platinum,MasterCard,475236,142714.53,2017-08-12,2022-01-17,Blocked
230,1392,2056,"Lopez, Tucker and Collins Branch",3480589258320679,Silver,Amex,441998,288527.09,2016-05-08,2020-08-14,Active
231,1488,2586,"Williams, Green and Dunlap Branch",3086416862278376,Gold,Amex,127601,16867.45,2018-04-01,2023-06-16,Expired
232,1590,2092,Moore-Soto Branch,5166553559042597,Gold,MasterCard,189595,147272.07,2017-09-19,2021-02-11,Blocked
233,1116,2056,Zimmerman PLC Branch,4392405147705383,Gold,Visa,409325,153014.19,2017-08-14,2021-09-25,Expired
234,1019,2386,"Gutierrez, Richards and Pace Branch",6980420439407016,Platinum,RuPay,376653,274927.91,2021-02-25,2026-11-10,Expired
235,1237,2390,"Berry, Kelley and Hughes Branch",6815798123878003,Platinum,RuPay,203351,176388.78,2016-03-17,2019-04-25,Blocked
236,1364,2310,Douglas and Sons Branch,3384046084325621,Business,Amex,59632,20679.18,2019-05-31,2023-04-16,Expired
237,1338,2460,"Wallace, Reynolds and Williams Branch",5823298324826292,Platinum,MasterCard,350363,53517.65,2019-09-06,2024-01-10,Active
238,1327,2424,"Huff, Bryant and Thomas Branch",4647423122099499,Gold,Visa,490151,431155.5,2017-01-24,2021-11-04,Expired
239,1138,2515,Johnson-Hunter Branch,5975267722330604,Business,MasterCard,63675,22875.97,2017-08-03,2024-06-09,Active
240,1502,2333,Sanchez-Montes Branch,5736609656999880,Silver,MasterCard,84674,14993.92,2023-07-01,2027-08-22,Blocked
241,1572,2397,Olsen and Sons Branch,3803476447264908,Gold,Amex,321949,173166.43,2015-06-23,2019-11-07,Blocked
242,1403,2424,Wolf-Rollins Branch,3570279371452111,Business,Amex,109334,19655.13,2016-01-06,2021-10-26,Expired
243,1388,2564,Lyons-Hart Branch,6602592222064474,Gold,RuPay,420817,161630.5,2015-12-16,2021-11-21,Active
244,1470,2510,Hodges LLC Branch,5780973397767199,Silver,MasterCard,376400,288094.98,2017-04-10,2020-04-16,Active
245,1051,2190,"Francis, Page and Morales Branch",6205020994510162,Gold,RuPay,342316,280740.67,2021-12-13,2028-06-21,Expired
246,1467,2593,Welch and Sons Branch,6501455616814721,Platinum,RuPay,412552,288723.2,2021-11-08,2028-07-22,Blocked
247,1112,2586,Hahn Group Branch,3817946954899529,Business,Amex,414815,86717.48,2020-11-18,2025-01-20,Expired
248,1199,2002,"Lane, Barton and Henson Branch",3107139660558303,Platinum,Amex,369504,85991.58,2020-07-10,2024-07-12,Blocked
249,1117,2342,"Taylor, David and Brown Branch",4569902355770272,Business,Visa,315651,173606.03,2018-06-14,2023-02-17,Expired
250,1579,2324,"Hill, Ramos and Brennan Branch",6880395512405682,Business,RuPay,439328,24612.16,2020-03-09,2025-07-03,Active
251,1279,2424,"Solis, Ibarra and Gamble Branch",4173574384215031,Business,Visa,419762,360080.02,2023-10-10,2028-07-01,Expired
252,1496,2537,Jones Group Branch,4452182307681040,Silver,Visa,312172,48098.77,2023-12-17,2029-08-30,Blocked
253,1024,2592,"Wallace, Reynolds and Williams Branch",3435334485714224,Silver,Amex,322932,247424.1,2015-07-08,2019-02-03,Active
254,1145,2291,Hall PLC Branch,4932149587020701,Business,Visa,233667,128368.62,2017-04-26,2023-05-11,Active
255,1365,2320,"Morse, Foley and Johnson Branch",4538179217174773,Gold,Visa,143838,101359.42,2019-10-13,2024-12-22,Active
256,1333,2465,Moreno PLC Branch,6701715772459928,Silver,RuPay,146129,102233.98,2019-01-28,2024-04-08,Blocked
257,1546,2473,"Crane, Cox and Miller Branch",4696393827615396,Business,Visa,390499,27695.75,2018-08-27,2024-10-07,Expired
258,1588,2499,Fisher Ltd Branch,6199758172461919,Business,RuPay,173812,30084.33,2021-02-08,2027-12-30,Blocked
259,1595,2001,Chen Ltd Branch,3227846997335494,Business,Amex,82234,7444.89,2022-03-26,2028-12-06,Expired
260,1131,2302,Jackson-Macias Branch,6058008514036965,Business,RuPay,54256,33177.04,2016-01-01,2022-04-07,Blocked
261,1143,2193,Ortiz LLC Branch,3865624220102762,Silver,Amex,160738,106486.93,2019-11-18,2025-12-07,Active
262,1466,2522,Harris Ltd Branch,3687653269097384,Business,Amex,366895,341326.46,2020-02-11,2027-01-04,Expired
263,1116,2595,Richardson-Griffith Branch,6712847818913718,Platinum,RuPay,347874,168116.42,2015-05-18,2018-08-02,Expired
264,1525,2481,Hartman and Sons Branch,4956544209494079,Gold,Visa,458172,4940.65,2018-11-08,2024-11-06,Expired
265,1294,2497,"Obrien, Wilson and Morgan Branch",4128144294440192,Gold,Visa,474094,349587.47,2022-05-12,2026-12-29,Expired
266,1497,2186,Smith Inc Branch,3805129276637239,Platinum,Amex,186971,146309.99,2019-02-23,2023-02-16,Active
267,1488,2309,Wilson PLC Branch,6783667428604765,Silver,RuPay,77537,12995.23,2023-06-22,2027-02-13,Active
268,1277,2274,Andrews Ltd Branch,6149673938525800,Silver,RuPay,391870,336363.84,2019-11-04,2026-04-06,Active
269,1225,2291,"Taylor, Mckay and Orozco Branch",3430091093911192,Business,Amex,104477,71618.94,2016-02-05,2022-01-14,Expired
270,1078,2465,"Ortega, Swanson and Clark Branch",5465421406650442,Business,MasterCard,146606,37140.54,2016-03-30,2023-02-21,Active
271,1112,2148,Scott LLC Branch,3863917410119470,Business,Amex,255853,45654.96,2017-04-01,2023-09-01,Active
272,1401,2589,Orozco PLC Branch,4087766183067198,Platinum,Visa,254725,67868.03,2015-06-04,2022-02-23,Blocked
273,1375,2548,Evans-Clark Branch,6517432806346157,Silver,RuPay,381492,380353.55,2019-06-29,2022-10-19,Expired
274,1245,2501,Gonzalez-Martin Branch,3618478700505061,Gold,Amex,123370,4404.1,2023-03-31,2027-04-22,Expired
275,1074,2038,Baldwin and Sons Branch,3270790320204179,Gold,Amex,128094,94924.25,2022-08-09,2028-08-10,Expired
276,1065,2208,"Grant, Walters and Jordan Branch",4656519825309251,Silver,Visa,310646,184827.35,2016-03-11,2019-10-30,Blocked
277,1450,2250,Choi PLC Branch,5902196207100219,Platinum,MasterCard,138107,96163.32,2023-06-30,2028-10-26,Blocked
278,1536,2462,Hall PLC Branch,3632909279145608,Gold,Amex,158087,22620.33,2022-10-06,2026-06-21,Active
279,1225,2476,Beltran-Nelson Branch,4340312772200543,Business,Visa,374492,135529.14,2020-12-11,2024-06-23,Blocked
280,1551,2181,Richardson-Morales Branch,6207811379956353,Silver,RuPay,72710,7592.46,2021-12-01,2027-06-16,Blocked
281,1385,2226,"Peters, Mercer and Floyd Branch",5179706239726527,Gold,MasterCard,436792,180218.4,2016-02-06,2020-06-04,Expired
282,1288,2140,Andrews-Marquez Branch,6177625349292983,Silver,RuPay,226103,28762.96,2018-01-09,2022-02-26,Blocked
283,1015,2439,Moore-Schaefer Branch,3335693929060078,Silver,Amex,298244,249626.96,2017-06-05,2023-09-28,Blocked
284,1247,2086,"Ortiz, Peck and Meza Branch",3806325431074279,Silver,Amex,480593,47097.73,2020-05-17,2027-04-12,Blocked
285,1476,2002,Sullivan and Sons Branch,3165804649893195,Silver,Amex,418645,169702.09,2023-08-28,2027-06-06,Expired
286,1375,2376,Garcia Group Branch,6281832538179335,Platinum,RuPay,250778,91682.14,2015-07-31,2019-03-14,Blocked
287,1498,2514,Middleton Ltd Branch,3817884795137116,Gold,Amex,83223,31026.68,2018-02-09,2021-05-30,Blocked
288,1509,2155,"Stout, Baker and Bowman Branch",4380468275670431,Silver,Visa,194673,21808.16,2016-03-23,2020-02-23,Active
289,1498,2543,"Powell, Jones and Hamilton Branch",6877492424375402,Platinum,RuPay,229721,150641.96,2019-08-14,2025-11-10,Blocked
290,1187,2180,Hess-Miller Branch,3223105927452380,Platinum,Amex,134300,95596.37,2016-11-12,2023-05-01,Blocked
291,1125,2026,"Steele, Marsh and Richardson Branch",5672752088547492,Business,MasterCard,333045,324873.97,2019-03-08,2024-09-10,Blocked
292,1316,2026,Coleman-Riggs Branch,4693751509398343,Silver,Visa,71013,9900.87,2023-03-16,2028-11-19,Active
293,1200,2503,Adams LLC Branch,3599805626565045,Platinum,Amex,95810,93495.18,2022-08-05,2029-05-10,Blocked
294,1426,2454,"Stanley, Brown and Torres Branch",3426629912347851,Business,Amex,163086,118702.69,2021-04-16,2024-10-11,Active
295,1582,2141,"Valencia, Hernandez and Brooks Branch",4326487049478730,Silver,Visa,193303,80126.8,2019-08-05,2026-03-04,Active
296,1295,2428,"Stafford, Oneal and Williams Branch",6273014719597964,Business,RuPay,487383,310248.93,2018-05-14,2024-12-14,Expired
297,1167,2596,Phillips PLC Branch,4025725204565044,Silver,Visa,434280,249825.51,2019-03-09,2025-01-20,Expired
298,1557,2331,Lee-Reyes Branch,5544518952028457,Business,MasterCard,146074,111701.24,2023-08-06,2030-02-11,Blocked
299,1573,2539,Garcia-Kane Branch,5881671120754527,Platinum,MasterCard,131031,65958.76,2016-02-24,2020-05-14,Active
300,1233,2315,Garza-Norris Branch,6232161107603108,Silver,RuPay,166579,21441.13,2015-04-28,2018-12-25,Blocked
301,1099,2127,Evans Group Branch,4939325012495528,Gold,Visa,84732,25559.05,2017-11-02,2021-01-28,Expired
302,1197,2289,Rogers-Quinn Branch,4280138759271256,Business,Visa,450159,6295.16,2016-02-10,2022-05-08,Active
303,1478,2113,Black-Schmidt Branch,5827548015716479,Platinum,MasterCard,449197,442285.09,2019-07-28,2023-03-15,Expired
304,1194,2072,"Bryan, Cruz and Fisher Branch",3752071678112669,Silver,Amex,263533,76579.88,2017-07-14,2023-08-21,Expired
305,1126,2239,Jackson-Macias Branch,5674994657967842,Business,MasterCard,154378,52277.28,2015-09-23,2020-10-05,Active
306,1031,2102,Johnson Ltd Branch,4017026952499118,Business,Visa,310714,71719.56,2017-10-23,2023-07-21,Blocked
307,1556,2352,Miller and Sons Branch,5880061675677002,Platinum,MasterCard,311042,152488.45,2018-04-17,2024-12-31,Expired
308,1500,2113,Smith Ltd Branch,5978897782806479,Business,MasterCard,120510,37654.52,2020-07-06,2025-12-04,Expired
309,1132,2376,"Brown, Ramirez and Greer Branch",6590561655650333,Platinum,RuPay,218025,13391.96,2023-08-06,2028-03-09,Expired
310,1021,2552,"Mack, Mcmillan and Campbell Branch",4507698640790569,Business,Visa,209861,24023.06,2022-09-19,2026-01-30,Blocked
311,1509,2515,"Butler, Sullivan and Torres Branch",4529456371834404,Business,Visa,412211,278288.3,2020-06-23,2024-01-13,Active
312,1069,2581,"Malone, Stewart and Stephens Branch",4876351484685366,Platinum,Visa,99667,58989.37,2023-01-18,2029-04-15,Expired
313,1591,2512,Thompson PLC Branch,3374896908357232,Platinum,Amex,144686,127453.4,2022-07-13,2028-08-06,Blocked
314,1274,2294,"Patton, Maddox and Jackson Branch",3249363123034778,Business,Amex,382360,77832.45,2018-07-29,2021-12-06,Blocked
315,1285,2564,"Collins, Neal and Lane Branch",4207001594165162,Gold,Visa,192979,26328.25,2017-04-07,2021-02-26,Active
316,1509,2093,Brown PLC Branch,4391559636321234,Business,Visa,484625,281285.92,2020-11-07,2027-07-29,Blocked
317,1325,2559,Garcia-Watkins Branch,6673425754090034,Business,RuPay,307089,163822.76,2021-08-11,2024-12-02,Blocked
318,1398,2009,Roberts PLC Branch,6644134327560417,Business,RuPay,330447,286482.0,2022-09-07,2026-05-13,Expired
319,1268,2519,Sanchez PLC Branch,3156985700272063,Platinum,Amex,480042,48194.09,2018-09-24,2024-02-05,Blocked
320,1421,2328,Jones-Baker Branch,4772429543165266,Gold,Visa,180864,93392.0,2016-03-29,2020-02-15,Active
321,1474,2204,"Edwards, Dixon and Lopez Branch",4420696942152910,Business,Visa,370865,232394.15,2021-04-06,2027-11-21,Blocked
322,1295,2507,"Smith, Reed and Huang Branch",3626393436262044,Gold,Amex,424112,86156.39,2016-04-30,2020-08-01,Expired
323,1088,2011,James-Collier Branch,3725636694118005,Gold,Amex,355609,243331.53,2017-10-14,2022-11-09,Blocked
324,1006,2260,"Brown, Ramirez and Greer Branch",6896465280924287,Platinum,RuPay,470609,281533.39,2021-10-19,2028-07-22,Blocked
325,1267,2120,Garza-Norris Branch,5502745644948562,Platinum,MasterCard,422378,224039.34,2016-01-03,2020-10-12,Expired
326,1055,2194,Edwards PLC Branch,3203207427617075,Business,Amex,341333,291168.54,2023-07-26,2027-05-30,Blocked
327,1291,2185,Mckinney-Ramirez Branch,3284993908926137,Silver,Amex,114830,40145.06,2016-04-05,2020-02-02,Blocked
328,1109,2332,Brown LLC Branch,4201777490509759,Gold,Visa,406851,49632.14,2018-03-10,2025-01-02,Active
329,1073,2561,Daniels-Arellano Branch,4961642361032664,Gold,Visa,198349,64100.61,2023-12-28,2030-08-06,Active
330,1135,2368,Anderson-Dunn Branch,6158377674996165,Gold,RuPay,435817,351422.43,2020-07-03,2025-12-04,Blocked
331,1230,2159,Beasley-Kirk Branch,3788147617422438,Business,Amex,319138,109063.77,2016-01-16,2019-04-07,Blocked
332,1423,2097,Booth-Daniels Branch,4794549180172260,Silver,Visa,73642,37808.87,2021-03-06,2024-08-08,Blocked
333,1272,2350,"Robertson, Moore and Howell Branch",6232194168006102,Business,RuPay,429634,195482.67,2018-07-09,2024-10-22,Blocked
334,1405,2310,"Roberts, Murphy and Lewis Branch",3122031030372368,Gold,Amex,430586,209575.89,2022-05-18,2028-09-30,Active
335,1120,2171,Walker-Murray Branch,6277707933496050,Silver,RuPay,127681,60519.4,2023-08-19,2029-03-24,Expired
336,1038,2500,"Lane, Barton and Henson Branch",3678997308069581,Platinum,Amex,436441,252551.5,2019-08-30,2025-06-09,Expired
337,1460,2447,Duncan LLC Branch,3024375738395972,Platinum,Amex,309411,192669.21,2020-04-22,2023-12-17,Expired
338,1166,2213,Curtis-Diaz Branch,3417223297167433,Silver,Amex,392098,288029.17,2019-09-04,2026-06-12,Active
339,1033,2066,Lowery and Sons Branch,6561931837455084,Gold,RuPay,404905,64220.15,2017-12-04,2022-12-04,Expired
340,1109,2105,Perez and Sons Branch,4808121352478712,Platinum,Visa,279547,223354.39,2022-12-03,2026-03-15,Blocked
341,1252,2486,"Taylor, David and Brown Branch",5548214565328632,Business,MasterCard,280219,271710.62,2016-05-18,2020-07-04,Blocked
342,1454,2150,"Huff, Bryant and Thomas Branch",3081155626060290,Platinum,Amex,466603,318315.93,2020-02-23,2026-01-14,Blocked
343,1353,2009,Ramsey-Carr Branch,3489267389975634,Silver,Amex,340251,297225.02,2022-08-20,2029-07-24,Active
344,1219,2096,Chavez-Pierce Branch,6884852008943468,Silver,RuPay,322876,320268.44,2019-05-17,2023-01-29,Expired
345,1049,2128,Black-Schmidt Branch,4749075399893544,Gold,Visa,378723,192201.69,2019-03-08,2023-08-20,Expired
346,1370,2466,"Marquez, Reese and Dawson Branch",3126611062737158,Business,Amex,105169,34479.34,2020-10-29,2025-03-19,Expired
347,1502,2427,Edwards PLC Branch,3228277288137702,Platinum,Amex,311529,198276.11,2017-12-16,2024-03-25,Active
348,1536,2157,Garcia Group Branch,3154544702296044,Gold,Amex,243769,139378.52,2016-03-27,2019-11-29,Active
349,1428,2493,Burke-Moreno Branch,3949756792287772,Platinum,Amex,337067,117518.05,2015-01-09,2018-09-15,Active
350,1454,2285,"Brown, Ramirez and Greer Branch",3120948181398909,Gold,Amex,257301,87224.49,2019-05-06,2023-08-24,Blocked
351,1282,2211,Ramirez-Kennedy Branch,4397189569070562,Business,Visa,328847,59108.08,2016-05-07,2023-01-14,Active
352,1555,2173,Garcia-Robinson Branch,6422412462095200,Platinum,RuPay,97723,11203.42,2019-04-14,2023-09-21,Blocked
353,1385,2124,"Collins, Neal and Lane Branch",4033993788614057,Business,Visa,266438,237932.07,2018-08-03,2022-05-20,Active
354,1276,2568,Ramirez-Kennedy Branch,3913824967183258,Gold,Amex,382158,89325.79,2015-04-29,2020-08-09,Active
355,1297,2172,Parsons-Tucker Branch,3007494653984028,Silver,Amex,71911,71.99,2021-03-23,2026-10-03,Blocked
356,1443,2216,"Thomas, Brock and Hansen Branch",4985547435537950,Gold,Visa,114475,95071.27,2019-06-08,2026-05-07,Expired
357,1424,2570,Ramirez-Brown Branch,4768118071569562,Silver,Visa,52243,47094.19,2021-10-29,2027-06-30,Active
358,1288,2367,Roberts-Silva Branch,3319433750479303,Business,Amex,283086,2650.62,2019-02-26,2023-03-27,Active
359,1580,2579,"Liu, Medina and Garza Branch",6219212493843089,Platinum,RuPay,309004,52678.1,2021-05-20,2027-03-09,Expired
360,1331,2443,Richardson-Morales Branch,3641877580304687,Platinum,Amex,386050,259850.17,2015-01-09,2020-05-31,Active
361,1232,2434,Gonzalez-Martin Branch,3133254110760954,Gold,Amex,92891,81753.23,2017-03-08,2022-01-21,Active
362,1533,2243,Alvarez PLC Branch,3199717911006512,Silver,Amex,486478,26480.39,2017-09-03,2022-07-31,Blocked
363,1058,2573,Perez Ltd Branch,4046619639907676,Silver,Visa,378301,163365.12,2018-05-19,2024-10-19,Blocked
364,1106,2013,Hebert Group Branch,4919392845679723,Gold,Visa,222068,130534.54,2020-02-03,2025-12-27,Active
365,1319,2598,Smith PLC Branch,4822749545089203,Silver,Visa,356458,155361.55,2016-06-06,2021-03-05,Blocked
366,1350,2194,Fleming-Washington Branch,6779599594652170,Business,RuPay,385835,350531.18,2017-03-11,2021-04-24,Active
367,1245,2493,Wright Ltd Branch,4563620501508124,Business,Visa,413447,95206.1,2022-03-01,2026-05-30,Active
368,1225,2269,Simpson-Boyle Branch,6258323024102615,Gold,RuPay,154397,30543.59,2015-06-29,2018-08-27,Blocked
369,1540,2445,Clark-Lewis Branch,3112233865596309,Gold,Amex,474404,176644.45,2017-09-10,2022-10-06,Expired
370,1130,2521,"Thomas, Brock and Hansen Branch",6973179128685787,Gold,RuPay,221799,54822.42,2023-11-09,2027-09-08,Blocked
371,1486,2275,Murray-Wright Branch,6969033373634669,Gold,RuPay,303386,217118.15,2020-11-22,2027-10-14,Blocked
372,1456,2532,Bright Inc Branch,6539078956776657,Platinum,RuPay,120427,90515.67,2021-03-05,2024-08-24,Blocked
373,1368,2085,"Hernandez, Stewart and Lee Branch",3488814311150835,Gold,Amex,281571,65828.6,2015-04-12,2019-04-13,Expired
374,1196,2142,Myers-Hall Branch,6840445669078263,Gold,RuPay,440705,359423.48,2017-10-21,2022-07-01,Expired
375,1473,2349,Morris Ltd Branch,5153663778052924,Silver,MasterCard,320441,188100.03,2020-04-27,2024-08-17,Blocked
376,1551,2307,Jackson-Macias Branch,6590902259999663,Business,RuPay,269753,114839.07,2018-10-23,2023-01-26,Active
377,1312,2096,Pitts Inc Branch,3218209702316433,Platinum,Amex,106957,35171.89,2017-02-10,2022-10-09,Expired
378,1335,2421,Clark-Lewis Branch,4621286716323467,Gold,Visa,243279,126147.87,2020-02-06,2023-06-02,Expired
379,1283,2207,James-Collier Branch,6027169385977790,Silver,RuPay,313441,224665.75,2021-08-03,2025-09-21,Blocked
380,1401,2180,Rivas LLC Branch,3632967629160324,Platinum,Amex,491785,349977.78,2018-11-21,2025-10-24,Expired
381,1378,2079,"Sanchez, Brennan and Ortega Branch",4185672438070176,Platinum,Visa,308729,126973.49,2022-10-30,2027-01-16,Expired
382,1140,2335,"Schroeder, Lane and Arnold Branch",3777118372742209,Silver,Amex,69804,749.51,2017-03-07,2022-05-27,Active
383,1012,2280,Fisher Ltd Branch,6275230837081647,Silver,RuPay,438731,171477.79,2016-05-23,2022-05-21,Expired
384,1384,2245,Moore-Hodges Branch,4310600531312206,Silver,Visa,452188,91223.53,2015-07-19,2020-08-28,Blocked
385,1439,2124,"Summers, Gonzalez and Lucas Branch",6331552065063731,Platinum,RuPay,149377,93311.83,2021-04-21,2027-10-25,Expired
386,1105,2550,James Group Branch,6924195625257150,Business,RuPay,164588,67661.61,2015-06-29,2018-11-12,Blocked
387,1022,2128,Baldwin and Sons Branch,5436391025743263,Silver,MasterCard,419428,414554.61,2020-08-24,2026-12-09,Active
388,1534,2425,Olsen and Sons Branch,3403553380339685,Gold,Amex,120394,33484.76,2023-04-16,2028-02-17,Blocked
389,1145,2210,Richardson-Morales Branch,4212983381674233,Business,Visa,86692,82674.8,2015-09-22,2021-06-23,Active
390,1279,2493,"Hughes, Bryan and Edwards Branch",5156627768962706,Business,MasterCard,352211,157886.04,2018-05-26,2022-12-30,Active
391,1264,2390,"Sullivan, Bradford and Becker Branch",6747468971527323,Silver,RuPay,130110,71931.59,2021-09-03,2027-09-07,Active
392,1394,2502,Brown LLC Branch,6491601692364587,Platinum,RuPay,268009,252004.84,2020-07-05,2025-10-10,Expired
393,1490,2036,Davis PLC Branch,4502497243992011,Business,Visa,272319,200335.34,2022-04-20,2027-06-17,Blocked
394,1259,2310,Chapman PLC Branch,4886946119524364,Silver,Visa,271744,45061.57,2020-10-24,2024-11-13,Active
395,1538,2427,Perez-Griffin Branch,3462252237281793,Gold,Amex,86617,67019.35,2015-01-07,2018-07-23,Active
396,1419,2452,Phillips PLC Branch,4912141614150937,Business,Visa,474242,360027.78,2023-05-30,2027-06-07,Expired
397,1597,2043,"Cruz, Jones and Sweeney Branch",4138069847759655,Platinum,Visa,189502,142467.36,2015-02-08,2018-06-12,Blocked
398,1365,2339,Franklin and Sons Branch,5107620918435797,Business,MasterCard,258913,97981.92,2019-01-19,2025-10-11,Expired
399,1047,2334,Johnson LLC Branch,5739769156716493,Gold,MasterCard,476046,153374.2,2015-01-13,2021-08-10,Expired
400,1173,2457,"Ortega, Swanson and Clark Branch",4178333211602564,Gold,Visa,467763,40737.43,2016-06-07,2022-03-22,Expired
401,1548,2504,"Lam, Jones and Ortega Branch",6153991566863341,Platinum,RuPay,401588,49434.72,2022-06-20,2028-02-19,Active
402,1119,2587,Garcia-Kane Branch,4525690409836655,Gold,Visa,438277,259547.85,2016-01-01,2020-11-26,Expired
403,1324,2149,Jarvis-Williams Branch,5437729420954814,Business,MasterCard,54817,29507.6,2016-03-12,2021-05-29,Expired
404,1342,2157,Thomas-Calhoun Branch,5330276420865675,Business,MasterCard,419172,405127.94,2020-07-20,2025-03-07,Blocked
405,1562,2404,"Smith, Jenkins and Hampton Branch",4125904729277423,Gold,Visa,198040,137910.37,2020-12-02,2025-07-03,Expired
406,1152,2386,Perez Ltd Branch,5620157201859626,Gold,MasterCard,54788,19845.63,2023-03-31,2029-11-22,Active
407,1385,2092,Clark-Williams Branch,4764750111178309,Business,Visa,306180,92677.5,2017-09-13,2022-12-03,Blocked
408,1306,2586,Rodriguez LLC Branch,4215182606888718,Silver,Visa,144946,55653.45,2023-11-28,2030-03-25,Active
409,1322,2126,Blair-Rivas Branch,4029321840118458,Gold,Visa,414493,74582.86,2017-01-10,2023-05-20,Blocked
410,1547,2456,Jackson-Smith Branch,4297585988310303,Gold,Visa,74204,70212.91,2017-10-14,2022-06-20,Blocked
411,1285,2132,"Holmes, Harrell and Woods Branch",5961844626714628,Gold,MasterCard,339444,73333.47,2016-07-03,2022-11-17,Active
412,1578,2524,Hurley-Reynolds Branch,6926256609314181,Business,RuPay,388465,74829.01,2022-02-06,2029-01-02,Active
413,1150,2232,"Malone, Stewart and Stephens Branch",6401636112849718,Platinum,RuPay,240221,218419.84,2022-03-07,2025-09-04,Expired
414,1175,2326,Simmons-Gardner Branch,6625889679240822,Gold,RuPay,368487,36504.59,2021-03-09,2025-09-14,Blocked
415,1429,2469,Moore-Hodges Branch,6275784468341465,Silver,RuPay,244065,172676.58,2015-08-05,2022-03-05,Expired
416,1087,2293,Franklin and Sons Branch,4870682778816093,Silver,Visa,99090,16361.06,2015-11-11,2020-03-15,Expired
417,1460,2173,"Cunningham, Lee and Fleming Branch",3832152850676251,Platinum,Amex,443041,152876.0,2022-11-17,2028-11-14,Expired
418,1272,2219,Jackson-Smith Branch,5096348079705097,Platinum,MasterCard,202077,60456.99,2021-01-17,2024-09-14,Blocked
419,1412,2364,Mcgee and Sons Branch,6016731882617024,Gold,RuPay,233354,207730.86,2016-03-14,2019-03-24,Blocked
420,1550,2276,Morgan Inc Branch,3177225605313402,Business,Amex,241100,103273.13,2019-03-14,2023-11-15,Blocked
421,1273,2122,Vaughn Ltd Branch,6678725686211022,Platinum,RuPay,399283,79454.09,2015-05-10,2019-04-02,Expired
422,1440,2009,"Griffin, White and Miller Branch",4674471639282341,Platinum,Visa,173996,9054.72,2023-08-10,2030-06-10,Expired
423,1515,2186,"Smith, Arellano and Conrad Branch",5392312604326093,Silver,MasterCard,154025,72991.34,2022-06-22,2027-11-16,Active
424,1228,2345,Barnes PLC Branch,3670860414545635,Silver,Amex,210665,147498.97,2019-07-27,2025-07-05,Active
425,1293,2484,"Lee, Escobar and Torres Branch",4491624755411082,Platinum,Visa,396255,295112.78,2015-01-03,2018-04-18,Blocked
426,1283,2216,Richardson and Sons Branch,6961129109337118,Platinum,RuPay,327276,197908.32,2023-05-02,2029-08-19,Blocked
427,1131,2197,Morales Group Branch,3684855716176880,Gold,Amex,329737,237664.36,2023-07-15,2027-08-31,Expired
428,1195,2408,"Ramirez, Ray and Harvey Branch",6788127868669432,Silver,RuPay,201863,9173.71,2022-10-24,2026-07-14,Active
429,1516,2538,Ramirez-Cochran Branch,5443448123083402,Platinum,MasterCard,54645,48041.43,2021-08-22,2028-07-17,Active
430,1548,2119,"Ryan, Williams and Bowen Branch",6059551842694500,Platinum,RuPay,386809,379081.97,2023-11-13,2027-02-25,Active
431,1392,2264,"Sanchez, Cooper and Suarez Branch",6983735439627365,Gold,RuPay,58199,31275.48,2016-12-24,2021-05-31,Blocked
432,1194,2584,"Wilkinson, Norris and Johnson Branch",4724042269312163,Business,Visa,290852,53815.77,2020-07-24,2024-07-29,Expired
433,1103,2387,Hodges LLC Branch,3601002314290018,Platinum,Amex,121980,88650.75,2016-02-15,2022-01-27,Expired
434,1168,2315,"Stanley, Brown and Torres Branch",4572308481001841,Business,Visa,301881,229330.47,2017-04-08,2021-01-17,Active
435,1362,2294,Navarro-Moore Branch,4361721314519515,Silver,Visa,168843,72118.83,2017-07-07,2020-08-24,Active
436,1436,2154,Cunningham Inc Branch,5494514754102252,Business,MasterCard,328124,109870.37,2016-12-30,2022-05-25,Blocked
437,1149,2093,Moore-Schaefer Branch,3522655767695236,Business,Amex,352956,150872.16,2015-10-03,2019-05-21,Expired
438,1394,2086,"Phillips, Hamilton and Campos Branch",3968931350305872,Silver,Amex,308265,164143.23,2021-01-15,2027-01-12,Active
439,1249,2216,Pierce Inc Branch,6302126065019179,Gold,RuPay,204506,94152.19,2019-01-18,2022-10-29,Active
440,1583,2427,Hodges LLC Branch,5227284765704120,Silver,MasterCard,91415,22400.86,2019-02-05,2022-11-20,Expired
441,1466,2568,Smith Group Branch,5498436241862369,Silver,MasterCard,55697,22077.77,2020-08-23,2024-07-16,Active
442,1489,2321,Morris Ltd Branch,3662056341115950,Gold,Amex,367237,309108.15,2017-01-22,2023-03-12,Blocked
443,1317,2193,"Lopez, Tucker and Collins Branch",5830341990970051,Platinum,MasterCard,84246,17852.57,2021-01-27,2024-09-01,Active
444,1401,2365,Lee-Brown Branch,6215681820967904,Gold,RuPay,258738,129424.91,2023-06-06,2028-01-04,Active
445,1221,2145,"Camacho, Brown and Terry Branch",3288985725459606,Gold,Amex,98911,94244.21,2015-11-19,2022-05-22,Active
446,1016,2147,Reyes-Kelley Branch,4481717524214955,Silver,Visa,379142,377020.52,2016-09-16,2022-11-20,Active
447,1453,2144,"Allen, Martin and Mosley Branch",5197054669275895,Platinum,MasterCard,185236,182669.24,2022-12-20,2028-07-19,Active
448,1059,2251,"Cunningham, Lee and Fleming Branch",3802146296136715,Business,Amex,187797,164774.71,2020-09-03,2026-03-12,Blocked
449,1444,2205,Evans-Baker Branch,3651559737147082,Business,Amex,144515,105752.92,2016-03-22,2019-09-13,Active
450,1064,2371,Robertson and Sons Branch,5673030644212146,Silver,MasterCard,66422,65612.37,2018-08-04,2024-10-09,Blocked
451,1189,2056,Phillips PLC Branch,3165423567782659,Business,Amex,162252,108651.14,2019-09-16,2025-08-24,Active
452,1325,2015,Moore-Soto Branch,5272751648072791,Silver,MasterCard,353295,217810.74,2015-11-15,2022-08-12,Active
453,1222,2357,Massey-Reed Branch,5339055044817766,Platinum,MasterCard,336306,260430.12,2019-09-18,2026-08-13,Blocked
454,1439,2383,James-Collier Branch,3289286646491111,Silver,Amex,109443,101382.4,2020-11-12,2025-09-29,Expired
455,1455,2516,Warner-Shelton Branch,3904633786137157,Business,Amex,443186,333154.78,2016-02-29,2021-12-10,Expired
456,1275,2271,Chavez-Pierce Branch,3463060002589552,Business,Amex,460096,103032.33,2015-02-01,2020-03-08,Active
457,1592,2440,"Vargas, Vang and Murphy Branch",3262658263128196,Platinum,Amex,387869,152555.76,2017-02-28,2023-08-13,Expired
458,1012,2157,Stevens PLC Branch,5098196027523343,Gold,MasterCard,98892,9223.2,2018-08-13,2022-10-03,Expired
459,1148,2024,"Williams, Green and Dunlap Branch",3911791124421175,Gold,Amex,395640,20473.92,2023-08-22,2028-02-05,Blocked
460,1216,2430,Gutierrez-Nolan Branch,4657224029901557,Silver,Visa,266921,19638.97,2020-07-04,2023-08-17,Active
461,1531,2525,Green-Keith Branch,6235130523124473,Silver,RuPay,367776,10869.71,2016-05-13,2020-06-10,Blocked
462,1198,2257,Gonzales-Klein Branch,6234619942376769,Platinum,RuPay,278622,142837.39,2020-03-28,2026-01-06,Blocked
463,1383,2066,"Higgins, Michael and Harris Branch",4720849649856012,Platinum,Visa,275083,54939.79,2021-10-23,2026-12-15,Blocked
464,1381,2149,"Stewart, Wilson and Dalton Branch",5510505379538164,Gold,MasterCard,88084,18954.28,2019-01-05,2023-05-21,Expired
465,1588,2432,"Fitzgerald, Day and Goodwin Branch",5655330770461172,Platinum,MasterCard,195777,140228.33,2016-02-26,2022-04-18,Expired
466,1473,2292,"Arroyo, Moore and Freeman Branch",3260880501716445,Platinum,Amex,61150,17430.01,2017-08-26,2023-11-18,Blocked
467,1306,2466,Atkins-Gay Branch,4715910300215632,Silver,Visa,308903,189147.68,2021-03-29,2025-12-29,Active
468,1045,2114,Phillips PLC Branch,6041459642297125,Gold,RuPay,410836,356611.76,2021-01-10,2024-01-20,Expired
469,1592,2490,Evans Ltd Branch,3745731441583311,Business,Amex,400347,48991.79,2022-02-21,2027-08-24,Active
470,1193,2500,Campbell PLC Branch,5153988547281235,Business,MasterCard,163317,76456.92,2015-02-23,2021-11-26,Blocked
471,1169,2315,Smith Group Branch,5912711307240787,Platinum,MasterCard,148541,10195.75,2023-09-30,2028-12-26,Blocked
472,1407,2515,Russell-Richard Branch,4685074510663436,Gold,Visa,235821,101750.54,2021-03-04,2024-08-22,Expired
473,1052,2255,Wright PLC Branch,6131009431814396,Business,RuPay,308797,160147.82,2020-12-09,2027-05-06,Blocked
474,1209,2356,Clark-Lewis Branch,4494012897432512,Gold,Visa,190649,94403.98,2017-06-19,2024-05-04,Blocked
475,1022,2182,"Middleton, Williams and Rubio Branch",3412095790737100,Platinum,Amex,399192,189456.8,2016-08-03,2019-08-29,Active
476,1344,2464,Rogers Group Branch,5758474570545897,Silver,MasterCard,456457,42865.92,2023-06-20,2027-04-15,Blocked
477,1366,2510,Garza-Norris Branch,4039653136148782,Platinum,Visa,498929,109891.91,2016-08-28,2021-12-15,Expired
478,1317,2196,James-Williams Branch,6098591679541072,Business,RuPay,358883,149759.83,2018-09-18,2023-11-26,Expired
479,1311,2499,Garrett-Rubio Branch,5414070349107406,Platinum,MasterCard,377048,210445.89,2020-11-12,2025-06-27,Expired
480,1515,2575,Chavez-Pierce Branch,4214236914307536,Business,Visa,122204,42798.07,2015-07-24,2019-12-19,Blocked
481,1331,2593,"Thompson, Cooper and King Branch",4234268344149782,Business,Visa,363020,112803.31,2017-12-06,2022-08-15,Blocked
482,1367,2480,Lowery and Sons Branch,4567667080612943,Platinum,Visa,281683,195525.58,2016-07-21,2022-07-03,Active
483,1474,2531,"Taylor, David and Brown Branch",6701041591497501,Silver,RuPay,116026,46751.76,2015-08-08,2020-10-19,Expired
484,1140,2229,"Ortiz, Peck and Meza Branch",5244079311029181,Gold,MasterCard,344675,255205.68,2020-10-15,2024-08-05,Active
485,1057,2125,Allen-Guzman Branch,4467238497916202,Gold,Visa,486588,246118.4,2020-04-24,2023-06-13,Expired
486,1488,2492,Martin-Stewart Branch,5441975466176620,Platinum,MasterCard,438845,307028.54,2016-11-30,2022-10-12,Blocked
487,1456,2044,"Taylor, Hopkins and Morales Branch",4527740258835868,Silver,Visa,55777,32380.67,2021-04-30,2026-07-05,Active
488,1144,2286,"Beck, Howe and Perry Branch",5461767929884259,Platinum,MasterCard,427072,240504.64,2018-12-12,2025-08-15,Expired
489,1238,2099,"Woods, Patterson and Owens Branch",3177533126610941,Silver,Amex,65477,55788.45,2015-10-04,2019-01-03,Expired
490,1179,2329,"Huff, Bryant and Thomas Branch",4176298334774332,Business,Visa,367998,232314.95,2019-12-14,2025-01-17,Expired
491,1209,2035,Mann and Sons Branch,5205698152873397,Platinum,MasterCard,62710,39451.84,2015-12-19,2022-03-24,Blocked
492,1073,2583,Davis-Long Branch,5128411730985034,Platinum,MasterCard,280098,119745.19,2023-12-28,2027-05-13,Blocked
493,1531,2513,"Solomon, Williams and White Branch",6469081974005643,Platinum,RuPay,201031,15032.52,2015-10-06,2019-08-24,Active
494,1242,2506,Patel-Villegas Branch,5199051699187240,Silver,MasterCard,478218,350951.12,2017-04-16,2023-05-10,Active
495,1311,2234,Nguyen LLC Branch,3000389608706626,Business,Amex,390963,136937.79,2020-09-10,2024-12-14,Expired
496,1361,2199,Hardin-Rodriguez Branch,5560331903689003,Silver,MasterCard,111862,100356.63,2016-04-18,2021-09-30,Active
497,1359,2251,Ramsey-Carr Branch,4429671114837537,Platinum,Visa,144682,40886.55,2016-06-03,2021-11-17,Blocked
498,1555,2516,Hartman-Vargas Branch,6105697413283483,Silver,RuPay,326218,291305.65,2022-05-01,2026-09-12,Blocked
499,1117,2022,Hartman and Sons Branch,5704496410496706,Business,MasterCard,416132,183213.52,2015-05-27,2019-09-19,Blocked
500,1546,2054,Perez-Ali Branch,4408509549305966,Silver,Visa,248876,45899.4,2017-07-08,2021-09-01,Active
501,1435,2587,Beasley-Kirk Branch,3984267320441384,Platinum,Amex,200690,172295.19,2023-02-02,2029-11-20,Expired
502,1013,2128,Graham PLC Branch,3495427707070578,Gold,Amex,193796,70095.02,2015-06-08,2021-11-18,Blocked
503,1066,2452,Ramsey-Carr Branch,4244472322903102,Business,Visa,194937,174867.12,2021-07-01,2024-12-09,Expired
504,1264,2017,Phillips PLC Branch,6580935118718133,Platinum,RuPay,426102,97130.98,2015-06-21,2021-07-27,Expired
505,1147,2026,Friedman-Martin Branch,6595565749025042,Silver,RuPay,87430,56120.18,2022-08-21,2027-12-19,Active
506,1221,2388,Stevens-Braun Branch,5902611398986818,Silver,MasterCard,425268,332080.62,2018-07-06,2024-05-16,Expired
507,1200,2590,Chapman-Goodman Branch,3435353751376515,Silver,Amex,322805,142362.63,2022-05-24,2028-05-01,Blocked
508,1584,2129,"Phillips, Hamilton and Campos Branch",3836929445511668,Gold,Amex,285388,224401.77,2021-10-14,2026-01-27,Expired
509,1171,2124,Dean-Carroll Branch,3648712060212886,Business,Amex,144327,126489.01,2022-02-04,2026-03-15,Blocked
510,1122,2345,Jackson-Smith Branch,5599910157676472,Gold,MasterCard,341997,82570.01,2019-07-06,2026-06-01,Expired
511,1389,2329,Hartman and Sons Branch,4728941347509889,Business,Visa,361192,214204.29,2016-09-15,2019-09-30,Blocked
512,1043,2216,Keller PLC Branch,6684995154214477,Gold,RuPay,447043,79759.54,2019-04-23,2024-02-03,Active
513,1286,2145,"Camacho, Brown and Terry Branch",6138820908830705,Gold,RuPay,445034,47226.76,2017-11-28,2024-04-21,Blocked
514,1303,2113,Hartman and Sons Branch,3176741241513152,Platinum,Amex,323098,40768.09,2023-03-18,2028-09-13,Blocked
515,1040,2444,Lee-Brown Branch,3185380032963347,Gold,Amex,402364,312655.16,2022-01-27,2027-12-12,Blocked
516,1529,2220,"Meyers, Todd and Evans Branch",5061789320649693,Platinum,MasterCard,198163,26116.28,2023-03-24,2029-01-03,Blocked
517,1402,2366,Peters PLC Branch,5874131467536127,Platinum,MasterCard,203152,135700.62,2018-05-14,2022-08-30,Expired
518,1501,2422,"Walton, Hodges and Galloway Branch",4304483608545667,Business,Visa,258713,182345.79,2018-11-24,2025-10-20,Blocked
519,1047,2316,Shepard Ltd Branch,6763928319952980,Silver,RuPay,304544,221764.94,2015-08-12,2020-02-11,Blocked
520,1051,2532,Moore-Scott Branch,4358328634255638,Gold,Visa,224738,205012.42,2023-10-02,2030-09-13,Active
521,1044,2161,Mccormick-Hodges Branch,4440330416624111,Business,Visa,103750,52030.55,2015-03-24,2021-03-05,Active
522,1401,2199,Lozano-Wilson Branch,4945680447314976,Platinum,Visa,367127,337380.37,2023-04-30,2029-05-12,Blocked
523,1547,2519,Gutierrez PLC Branch,4360765817390637,Platinum,Visa,344123,95858.18,2017-06-29,2022-10-08,Blocked
524,1098,2575,Powell-Schwartz Branch,4237931269789307,Platinum,Visa,224291,32246.6,2022-03-17,2026-12-12,Blocked
525,1579,2417,Byrd Ltd Branch,6043878753577881,Silver,RuPay,487425,73412.04,2023-04-22,2028-03-12,Blocked
526,1171,2203,"Sanchez, Brennan and Ortega Branch",4710672872866041,Business,Visa,446826,6087.79,2019-03-19,2022-12-03,Blocked
527,1145,2298,"Mathews, Rodriguez and Lambert Branch",6839589477352287,Silver,RuPay,372489,331345.76,2020-11-10,2025-08-31,Blocked
528,1320,2193,Matthews Group Branch,3318751097921583,Platinum,Amex,296674,19891.4,2017-01-04,2020-11-06,Expired
529,1599,2314,Daniel-Dunn Branch,4596488319213424,Silver,Visa,198996,163326.85,2017-02-28,2021-09-12,Active
530,1485,2215,"Wheeler, Henderson and Weeks Branch",3203319222705102,Business,Amex,454739,388074.36,2018-09-14,2024-12-04,Blocked
531,1574,2403,Evans Ltd Branch,3667548581932426,Business,Amex,312340,237380.72,2018-09-01,2023-05-12,Blocked
532,1183,2026,Chang-Lucas Branch,6575639836520375,Gold,RuPay,342502,308170.33,2022-09-08,2026-05-11,Active
533,1014,2280,"Martin, Flores and Miller Branch",6047604409079772,Business,RuPay,243392,222900.12,2018-09-07,2022-03-17,Expired
534,1182,2135,Black Group Branch,4161070518439055,Gold,Visa,65118,39912.16,2015-06-06,2020-06-30,Expired
535,1067,2198,"Ramirez, Ray and Harvey Branch",6824127049386204,Platinum,RuPay,398386,160618.51,2020-10-15,2023-11-13,Expired
536,1580,2475,Johnson and Sons Branch,6111212590203571,Gold,RuPay,294450,167298.62,2016-04-27,2021-03-26,Blocked
537,1183,2286,"Bird, Weber and Cain Branch",5295633432447417,Platinum,MasterCard,212784,11348.9,2023-05-20,2027-02-14,Expired
538,1038,2600,Gordon LLC Branch,6628936543588418,Gold,RuPay,324225,145795.28,2018-11-29,2025-07-04,Blocked
539,1487,2144,Mcgee and Sons Branch,5795596905150267,Platinum,MasterCard,66487,61295.65,2020-03-30,2024-09-14,Blocked
540,1023,2450,Mcgee and Sons Branch,4979966734595764,Silver,Visa,210576,34270.33,2017-02-05,2022-02-07,Active
541,1030,2168,"Acosta, Murphy and Rojas Branch",4824983922501425,Business,Visa,455836,122784.43,2019-09-21,2025-02-08,Blocked
542,1309,2315,Clark-Williams Branch,5123361328507251,Business,MasterCard,395300,58303.2,2020-03-01,2023-03-02,Expired
543,1249,2099,Beasley-Kirk Branch,3625265469681579,Silver,Amex,297624,198942.85,2022-11-02,2027-01-10,Active
544,1002,2408,Gonzalez-Carter Branch,5132730346156262,Platinum,MasterCard,243531,88226.52,2023-08-12,2027-12-05,Blocked
545,1184,2168,Pierce Inc Branch,3681715160252986,Business,Amex,68259,17816.93,2022-07-28,2028-04-06,Active
546,1311,2436,Barton PLC Branch,3419785758512686,Silver,Amex,260608,110095.69,2022-05-02,2029-02-01,Active
547,1446,2050,Clark Inc Branch,4740177509546540,Platinum,Visa,359410,92669.04,2018-10-12,2025-09-29,Active
548,1037,2115,Rivas LLC Branch,6508632181227645,Business,RuPay,59184,26441.64,2019-01-01,2024-05-03,Expired
549,1335,2382,Gutierrez-Nolan Branch,5029168154660241,Business,MasterCard,348355,159692.75,2023-03-21,2029-02-24,Active
550,1051,2384,Woodward LLC Branch,5973642480962440,Business,MasterCard,208964,128634.37,2021-05-27,2025-11-11,Active
551,1474,2326,Newman-Peterson Branch,4133053194979695,Business,Visa,394568,51201.88,2023-10-09,2029-02-02,Blocked
552,1156,2474,"Jones, Wilson and Myers Branch",4738264609178513,Platinum,Visa,217584,75363.77,2018-11-05,2023-10-02,Blocked
553,1160,2599,"Huff, Bryant and Thomas Branch",6295966048736826,Silver,RuPay,286715,193389.66,2023-06-03,2028-03-08,Active
554,1163,2411,Morris-Prince Branch,3865369455158886,Gold,Amex,108003,61642.17,2017-06-13,2021-08-18,Blocked
555,1161,2182,"Robertson, Moore and Howell Branch",3640857216966630,Gold,Amex,200094,165305.34,2023-06-27,2029-01-31,Active
556,1333,2256,Green-Keith Branch,4297150968832753,Gold,Visa,433856,177349.6,2021-09-21,2027-12-02,Blocked
557,1212,2592,"Holmes, Nguyen and French Branch",5773973278195237,Silver,MasterCard,203606,13196.28,2018-08-14,2022-05-11,Active
